Name,Cdn Url,File Status,Type,File Size,Width,Height,Caption
Choosing_a_community_in_Journey_to_start_a_direct_message_group_in.png,"https://img.perceptpixel.com/jdygueaf/w_1080,f_webp,q_auto:eco/Journey%20Screenshots/Choosing_a_community_in_Journey_to_start_a_direct_message_group_in.png",Transformed,webp,74.87 KB,1080,2150,
Community_creation_flow___step_1___meeting_your_community_manager_AI_sidekick.png,"https://img.perceptpixel.com/jdygueaf/w_1080,f_webp,q_auto:eco/Journey%20Screenshots/Community_creation_flow___step_1___meeting_your_community_manager_AI_sidekick.png",Transformed,webp,45.56 KB,1080,2025,
Community_creation_flow___step_10___choose_from_AI_generated_community_descriptions_or_write_your_own.png,"https://img.perceptpixel.com/jdygueaf/w_1080,f_webp,q_auto:eco/Journey%20Screenshots/Community_creation_flow___step_10___choose_from_AI_generated_community_descriptions_or_write_your_own.png",Transformed,webp,39.76 KB,1080,2025,
Community_creation_flow___step_2___training_your_AI_sidekick_with_your_content.png,"https://img.perceptpixel.com/jdygueaf/w_1080,f_webp,q_auto:eco/Journey%20Screenshots/Community_creation_flow___step_2___training_your_AI_sidekick_with_your_content.png",Transformed,webp,47.62 KB,1080,2025,
Community_creation_flow___step_2a___training_your_AI_sidekick_with_your_YouTube_channel_transcripts.png,"https://img.perceptpixel.com/jdygueaf/w_1080,f_webp,q_auto:eco/Journey%20Screenshots/Community_creation_flow___step_2a___training_your_AI_sidekick_with_your_YouTube_channel_transcripts.png",Transformed,webp,49.46 KB,1080,2025,
Community_creation_flow___step_3___choosing_a_topic_your_community_is_about.png,"https://img.perceptpixel.com/jdygueaf/w_1080,f_webp,q_auto:eco/Journey%20Screenshots/Community_creation_flow___step_3___choosing_a_topic_your_community_is_about.png",Transformed,webp,36.28 KB,1080,2025,
Community_creation_flow___step_4___choosing_tags_to_help_people_discover_your_community.png,"https://img.perceptpixel.com/jdygueaf/w_1080,f_webp,q_auto:eco/Journey%20Screenshots/Community_creation_flow___step_4___choosing_tags_to_help_people_discover_your_community.png",Transformed,webp,52.76 KB,1080,2025,
Community_creation_flow___step_4___selecting_tags_to_help_people_discover_your_community.png,"https://img.perceptpixel.com/jdygueaf/w_1080,f_webp,q_auto:eco/Journey%20Screenshots/Community_creation_flow___step_4___selecting_tags_to_help_people_discover_your_community.png",Transformed,webp,52.70 KB,1080,2025,
Community_creation_flow___step_5___choosing_whether_your_community_is_private_or_public.png,"https://img.perceptpixel.com/jdygueaf/w_1080,f_webp,q_auto:eco/Journey%20Screenshots/Community_creation_flow___step_5___choosing_whether_your_community_is_private_or_public.png",Transformed,webp,53.31 KB,1080,2025,
Community_creation_flow___step_5___choosing_whether_your_community_is_public_or_private.png,"https://img.perceptpixel.com/jdygueaf/w_1080,f_webp,q_auto:eco/Journey%20Screenshots/Community_creation_flow___step_5___choosing_whether_your_community_is_public_or_private.png",Transformed,webp,45.96 KB,1080,2025,
Community_creation_flow___step_5a___choosing_your_privacy_settings.png,"https://img.perceptpixel.com/jdygueaf/w_1080,f_webp,q_auto:eco/Journey%20Screenshots/Community_creation_flow___step_5a___choosing_your_privacy_settings.png",Transformed,webp,54.70 KB,1080,2025,
Community_creation_flow___step_6___choosing_whether_to_charge_a_membership_fee_or_make_your_community_free_to_access.png,"https://img.perceptpixel.com/jdygueaf/w_1080,f_webp,q_auto:eco/Journey%20Screenshots/Community_creation_flow___step_6___choosing_whether_to_charge_a_membership_fee_or_make_your_community_free_to_access.png",Transformed,webp,46.07 KB,1080,2025,
Community_creation_flow___step_6a___choosing_a_membership_subscription_amount__frequency__and_free_trial_period.png,"https://img.perceptpixel.com/jdygueaf/w_1080,f_webp,q_auto:eco/Journey%20Screenshots/Community_creation_flow___step_6a___choosing_a_membership_subscription_amount__frequency__and_free_trial_period.png",Transformed,webp,45.94 KB,1080,2025,
Community_creation_flow___step_7___selecting_from_AI_generated_community_header_images_or_uploading_your_own.png,"https://img.perceptpixel.com/jdygueaf/w_1080,f_webp,q_auto:eco/Journey%20Screenshots/Community_creation_flow___step_7___selecting_from_AI_generated_community_header_images_or_uploading_your_own.png",Transformed,webp,74.27 KB,1080,2025,
Community_creation_flow___step_7a___final_list_of_AI_image_styles_to_choose_from.png,"https://img.perceptpixel.com/jdygueaf/w_1080,f_webp,q_auto:eco/Journey%20Screenshots/Community_creation_flow___step_7a___final_list_of_AI_image_styles_to_choose_from.png",Transformed,webp,52.58 KB,1080,2025,
Community_creation_flow___step_7a___more_AI_image_styles_to_choose_from.png,"https://img.perceptpixel.com/jdygueaf/w_1080,f_webp,q_auto:eco/Journey%20Screenshots/Community_creation_flow___step_7a___more_AI_image_styles_to_choose_from.png",Transformed,webp,50.39 KB,1080,2025,
Community_creation_flow___step_7a___regenerating_your_header_images_by_choosing_different_styles.png,"https://img.perceptpixel.com/jdygueaf/w_1080,f_webp,q_auto:eco/Community_creation_flow___step_7a___regenerating_your_header_images_by_choosing_different_styles.png",Transformed,webp,56.16 KB,1080,2025,
Community_creation_flow___step_8___select_from_AI_generated_community_icon_images.png,"https://img.perceptpixel.com/jdygueaf/w_1080,f_webp,q_auto:eco/Journey%20Screenshots/Community_creation_flow___step_8___select_from_AI_generated_community_icon_images.png",Transformed,webp,51.75 KB,1080,2025,
Community_creation_flow___step_9___choose_member_introduction_questions.png,"https://img.perceptpixel.com/jdygueaf/w_1080,f_webp,q_auto:eco/Journey%20Screenshots/Community_creation_flow___step_9___choose_member_introduction_questions.png",Transformed,webp,59.79 KB,1080,2025,
Community_creation_screenshot___final_step_getting_the_app.png,"https://img.perceptpixel.com/jdygueaf/w_1080,f_webp,q_auto:eco/Journey%20Screenshots/Community_creation_screenshot___final_step_getting_the_app.png",Transformed,webp,87.05 KB,1080,2025,
Download_Journey_app_on_the_App_Store__screenshot.png,"https://img.perceptpixel.com/jdygueaf/w_1080,f_webp,q_auto:eco/Journey%20Screenshots/Download_Journey_app_on_the_App_Store__screenshot.png",Transformed,webp,106.78 KB,1080,2180,
Fitness_community_sharing_qr_code_screenshot.png,"https://img.perceptpixel.com/jdygueaf/w_1080,f_webp,q_auto:eco/Journey%20Screenshots/Fitness_community_sharing_qr_code_screenshot.png",Transformed,webp,118.76 KB,1080,2150,
Habit_building_screenshot_tip_1___make_it_tiny.png,"https://img.perceptpixel.com/jdygueaf/w_1080,f_webp,q_auto:eco/Journey%20Screenshots/Habit_building_screenshot_tip_1___make_it_tiny.png",Transformed,webp,72.17 KB,1080,2150,
Habit_building_screenshot_tip_2___make_it_easy.png,"https://img.perceptpixel.com/jdygueaf/w_1080,f_webp,q_auto:eco/Journey%20Screenshots/Habit_building_screenshot_tip_2___make_it_easy.png",Transformed,webp,55.49 KB,1080,2150,
Habit_building_screenshot_tip_3___make_it_rewarding.png,"https://img.perceptpixel.com/jdygueaf/w_1080,f_webp,q_auto:eco/Journey%20Screenshots/Habit_building_screenshot_tip_3___make_it_rewarding.png",Transformed,webp,69.43 KB,1080,2150,
Habit_building_screenshot_tip_4___create_a_trigger.png,"https://img.perceptpixel.com/jdygueaf/w_1080,f_webp,q_auto:eco/Journey%20Screenshots/Habit_building_screenshot_tip_4___create_a_trigger.png",Transformed,webp,79.79 KB,1080,2150,
Habit_building_screenshot_tip_5___be_held_accountable.png,"https://img.perceptpixel.com/jdygueaf/w_1080,f_webp,q_auto:eco/Journey%20Screenshots/Habit_building_screenshot_tip_5___be_held_accountable.png",Transformed,webp,79.34 KB,1080,2150,
Invite_your_members_community_creator_onboarding_screenshot.png,"https://img.perceptpixel.com/jdygueaf/w_1080,f_webp,q_auto:eco/Journey%20Screenshots/Invite_your_members_community_creator_onboarding_screenshot.png",Transformed,webp,113.50 KB,1080,2150,
Journey____sharing_community_link_via_text_message_example__screenshot.png,"https://img.perceptpixel.com/jdygueaf/w_1080,f_webp,q_auto:eco/Journey%20Screenshots/Journey____sharing_community_link_via_text_message_example__screenshot.png",Transformed,webp,103.06 KB,1080,2180,
Journey____user_adding_to_their_profile_reel__screenshot.png,https://img.perceptpixel.com/jdygueaf/w_1080/Journey%20Screenshots/Journey____user_adding_to_their_profile_reel__screenshot.png,Transformed,png,411.06 KB,1080,2180,
Journey____user_s_rollerskating_journey_timeline_in_thumbnail_view__screenshot.png,https://img.perceptpixel.com/jdygueaf/w_1080/Journey%20Screenshots/Journey____user_s_rollerskating_journey_timeline_in_thumbnail_view__screenshot.png,Transformed,png,507.75 KB,1080,2180,
Journey____user_s_skateboarding_journey_timeline_in_large_image_view__screenshot.png,https://img.perceptpixel.com/jdygueaf/w_1080/Journey%20Screenshots/Journey____user_s_skateboarding_journey_timeline_in_large_image_view__screenshot.png,Transformed,png,560.40 KB,1080,2180,
Journey____user_s_skateboarding_journey_timeline_in_thumbnail_view__screenshot.png,https://img.perceptpixel.com/jdygueaf/w_1080/Journey%20Screenshots/Journey____user_s_skateboarding_journey_timeline_in_thumbnail_view__screenshot.png,Transformed,png,493.67 KB,1080,2180,
Journey___other_users__journeys_to_follow__screenshot.png,"https://img.perceptpixel.com/jdygueaf/w_1080,f_webp,q_auto:eco/Journey%20Screenshots/Journey___other_users__journeys_to_follow__screenshot.png",Transformed,webp,116.18 KB,1080,2180,
Journey_basketball_community_feed_with_welcome_post_screenshot.png,"https://img.perceptpixel.com/jdygueaf/w_1080,f_webp,q_auto:eco/Journey%20Screenshots/Journey_basketball_community_feed_with_welcome_post_screenshot.png",Transformed,webp,125.25 KB,1080,2150,
Journey_college_ballet_community_feed_screenshot.png,"https://img.perceptpixel.com/jdygueaf/w_1080,f_webp,q_auto:eco/Journey%20Screenshots/Journey_college_ballet_community_feed_screenshot.png",Transformed,webp,121.45 KB,1080,2150,
Journey_college_community_feed_screenshot.png,"https://img.perceptpixel.com/jdygueaf/w_1080,f_webp,q_auto:eco/Journey%20Screenshots/Journey_college_community_feed_screenshot.png",Transformed,webp,231.60 KB,1080,2150,
Journey_college_freshman_community_feed_screenshot.png,"https://img.perceptpixel.com/jdygueaf/w_1080,f_webp,q_auto:eco/Journey%20Screenshots/Journey_college_freshman_community_feed_screenshot.png",Transformed,webp,100.35 KB,1080,2150,
Journey_college_investing_community_feed_screenshot.png,"https://img.perceptpixel.com/jdygueaf/w_1080,f_webp,q_auto:eco/Journey%20Screenshots/Journey_college_investing_community_feed_screenshot.png",Transformed,webp,129.25 KB,1080,2150,
Journey_college_startup_community_feed_screenshot.png,"https://img.perceptpixel.com/jdygueaf/w_1080,f_webp,q_auto:eco/Journey%20Screenshots/Journey_college_startup_community_feed_screenshot.png",Transformed,webp,157.08 KB,1080,2150,
Journey_community_builder_choosing_for_their_AI_Sidekick_to_organize_a_meetup_or_send_a_dm_to_every_member.png,"https://img.perceptpixel.com/jdygueaf/w_1080,f_webp,q_auto:eco/Journey%20Screenshots/Journey_community_builder_choosing_for_their_AI_Sidekick_to_organize_a_meetup_or_send_a_dm_to_every_member.png",Transformed,webp,83.98 KB,1080,2150,
Journey_community_creator_welcome_post_example__screenshot.png,https://img.perceptpixel.com/jdygueaf/w_1080/Journey%20Screenshots/Journey_community_creator_welcome_post_example__screenshot.png,Transformed,png,551.18 KB,1080,2180,
Journey_community_feed_on_web_with_invitation_to_join_community__member_acquisition_flow_screenshot.png,https://img.perceptpixel.com/jdygueaf/w_1080/Journey%20Screenshots/Journey_community_feed_on_web_with_invitation_to_join_community__member_acquisition_flow_screenshot.png,Transformed,png,554.34 KB,1080,2180,
Journey_community_for_creators_feed_screenshot.png,"https://img.perceptpixel.com/jdygueaf/w_1080,f_webp,q_auto:eco/Journey%20Screenshots/Journey_community_for_creators_feed_screenshot.png",Transformed,webp,112.34 KB,1080,2150,
Journey_community_group_chat_list_view__a_list_of_the_group_chats_for_that_community__Journey_user_profile_with_surfing_header_image__screenshot.png,"https://img.perceptpixel.com/jdygueaf/w_1080,f_webp,q_auto:eco/Journey%20Screenshots/Journey_community_group_chat_list_view__a_list_of_the_group_chats_for_that_community__Journey_user_profile_with_surfing_header_image__screenshot.png",Transformed,webp,120.02 KB,1080,2180,
Journey_community_group_chat_screen_with_the_option_to__join_group___screenshot.png,"https://img.perceptpixel.com/jdygueaf/w_1080,f_webp,q_auto:eco/Journey%20Screenshots/Journey_community_group_chat_screen_with_the_option_to__join_group___screenshot.png",Transformed,webp,108.70 KB,1080,2180,
Journey_community_group_chat_where_the_user_has_joined_the_group_chat_and_is_taking_part_in_the_conversation__screenshot.png,"https://img.perceptpixel.com/jdygueaf/w_1080,f_webp,q_auto:eco/Journey%20Screenshots/Journey_community_group_chat_where_the_user_has_joined_the_group_chat_and_is_taking_part_in_the_conversation__screenshot.png",Transformed,webp,105.84 KB,1080,2180,
Journey_community_invitation_qr_code__sharesheet_screenshot.png,https://img.perceptpixel.com/jdygueaf/w_1080/Journey%20Screenshots/Journey_community_invitation_qr_code__sharesheet_screenshot.png,Transformed,png,333.00 KB,1080,2180,
Journey_community_invitation_screen__member_acquisition_flow_screenshot.png,"https://img.perceptpixel.com/jdygueaf/w_1080,f_webp,q_auto:eco/Journey%20Screenshots/Journey_community_invitation_screen__member_acquisition_flow_screenshot.png",Transformed,webp,78.56 KB,1080,2180,
Journey_community_invitation_share_sheet____copy_link__share_via_whatsapp__share_via_message__share_via_instagram__share_via_facebook__screenshot.png,"https://img.perceptpixel.com/jdygueaf/w_1080,f_webp,q_auto:eco/Journey%20Screenshots/Journey_community_invitation_share_sheet____copy_link__share_via_whatsapp__share_via_message__share_via_instagram__share_via_facebook__screenshot.png",Transformed,webp,97.13 KB,1080,2180,
Journey_community_paywall_example__with_7_day_free_trial__screenshot.png,"https://img.perceptpixel.com/jdygueaf/w_1080,f_webp,q_auto:eco/Journey%20Screenshots/Journey_community_paywall_example__with_7_day_free_trial__screenshot.png",Transformed,webp,102.89 KB,1080,2180,
Journey_community_paywall_stripe_payment_details__screenshot.png,"https://img.perceptpixel.com/jdygueaf/w_1080,f_webp,q_auto:eco/Journey%20Screenshots/Journey_community_paywall_stripe_payment_details__screenshot.png",Transformed,webp,82.52 KB,1080,2180,
Journey_community_share_invite_flow___step_1___sharing_link_to_community.png,"https://img.perceptpixel.com/jdygueaf/w_1080,f_webp,q_auto:eco/Journey%20Screenshots/Journey_community_share_invite_flow___step_1___sharing_link_to_community.png",Transformed,webp,37.96 KB,1080,2025,
Journey_community_share_invite_flow___step_1___sharing_QR_code_to_community.png,"https://img.perceptpixel.com/jdygueaf/w_1080,f_webp,q_auto:eco/Journey%20Screenshots/Journey_community_share_invite_flow___step_1___sharing_QR_code_to_community.png",Transformed,webp,60.96 KB,1080,2025,
Journey_community_share_invite_flow___step_2___new_member_enters_community_passcode_if_there_is_one.png,"https://img.perceptpixel.com/jdygueaf/w_1080,f_webp,q_auto:eco/Journey%20Screenshots/Journey_community_share_invite_flow___step_2___new_member_enters_community_passcode_if_there_is_one.png",Transformed,webp,42.09 KB,1080,2025,
Journey_community_share_invite_flow___step_3___new_member_lands_on_community_welcome_screen.png,"https://img.perceptpixel.com/jdygueaf/w_1080,f_webp,q_auto:eco/Journey%20Screenshots/Journey_community_share_invite_flow___step_3___new_member_lands_on_community_welcome_screen.png",Transformed,webp,36.94 KB,1080,2025,
Journey_community_share_invite_flow___step_4___new_member_creates_profile.png,"https://img.perceptpixel.com/jdygueaf/w_1080,f_webp,q_auto:eco/Journey%20Screenshots/Journey_community_share_invite_flow___step_4___new_member_creates_profile.png",Transformed,webp,37.74 KB,1080,2025,
Journey_community_share_invite_flow___step_4___sign_up_or_login_to_Journey.png,"https://img.perceptpixel.com/jdygueaf/w_1080,f_webp,q_auto:eco/Journey%20Screenshots/Journey_community_share_invite_flow___step_4___sign_up_or_login_to_Journey.png",Transformed,webp,39.26 KB,1080,2025,
Journey_community_share_invite_flow___step_5___new_member_uploads_profile_pic.png,"https://img.perceptpixel.com/jdygueaf/w_1080,f_webp,q_auto:eco/Journey%20Screenshots/Journey_community_share_invite_flow___step_5___new_member_uploads_profile_pic.png",Transformed,webp,45.62 KB,1080,2025,
Journey_creator_community_feed_screenshot.png,"https://img.perceptpixel.com/jdygueaf/w_1080,f_webp,q_auto:eco/Journey%20Screenshots/Journey_creator_community_feed_screenshot.png",Transformed,webp,141.46 KB,1080,2150,
Journey_discover_section____where_users_can_find_communities__other_users__follow_other_journey_timelines__find_how_to_guides__and_events__screenshot.png,https://img.perceptpixel.com/jdygueaf/w_1080/Journey%20Screenshots/Journey_discover_section____where_users_can_find_communities__other_users__follow_other_journey_timelines__find_how_to_guides__and_events__screenshot.png,Transformed,png,507.38 KB,1080,2180,
Journey_Discover_section__displaying_results_for_a_user_that_has_searched_for__kiteboarding___screenshot.png,https://img.perceptpixel.com/jdygueaf/w_1080/Journey%20Screenshots/Journey_Discover_section__displaying_results_for_a_user_that_has_searched_for__kiteboarding___screenshot.png,Transformed,png,451.36 KB,1080,2180,
Journey_embroidery_community_feed__screenshot.png,"https://img.perceptpixel.com/jdygueaf/w_1080,f_webp,q_auto:eco/Journey%20Screenshots/Journey_embroidery_community_feed__screenshot.png",Transformed,webp,170.36 KB,1080,2180,
Journey_embroidery_community_feed_screenshot.png,"https://img.perceptpixel.com/jdygueaf/w_1080,f_webp,q_auto:eco/Journey%20Screenshots/Journey_embroidery_community_feed_screenshot.png",Transformed,webp,189.49 KB,1080,2150,
Journey_example_of_creator_sharing_the_invitation_to_their_community_as_an_instagram_story__screenshot.png,https://img.perceptpixel.com/jdygueaf/w_1080/Journey%20Screenshots/Journey_example_of_creator_sharing_the_invitation_to_their_community_as_an_instagram_story__screenshot.png,Transformed,png,357.63 KB,1080,2180,
Journey_fashion_community_feed__screenshot.png,https://img.perceptpixel.com/jdygueaf/w_1080/Journey%20Screenshots/Journey_fashion_community_feed__screenshot.png,Transformed,png,566.67 KB,1080,2180,
Journey_fashion_community_feed_screenshot_with_text_post_at_top.png,"https://img.perceptpixel.com/jdygueaf/w_1080,f_webp,q_auto:eco/Journey%20Screenshots/Journey_fashion_community_feed_screenshot_with_text_post_at_top.png",Transformed,webp,128.17 KB,1080,2150,
Journey_fashion_community_feed_screenshot.png,"https://img.perceptpixel.com/jdygueaf/w_1080,f_webp,q_auto:eco/Journey%20Screenshots/Journey_fashion_community_feed_screenshot.png",Transformed,webp,133.05 KB,1080,2150,
Journey_featured_communities_screenshot.png,"https://img.perceptpixel.com/jdygueaf/w_1080,f_webp,q_auto:eco/Journey%20Screenshots/Journey_featured_communities_screenshot.png",Transformed,webp,120.10 KB,1080,2150,
Journey_habit_creation_screenshot___adding_reminders.png,"https://img.perceptpixel.com/jdygueaf/w_1080,f_webp,q_auto:eco/Journey%20Screenshots/Journey_habit_creation_screenshot___adding_reminders.png",Transformed,webp,76.13 KB,1080,2150,
Journey_habit_creation_screenshot___choosing_accountability_partners.png,"https://img.perceptpixel.com/jdygueaf/w_1080,f_webp,q_auto:eco/Journey%20Screenshots/Journey_habit_creation_screenshot___choosing_accountability_partners.png",Transformed,webp,72.73 KB,1080,2150,
Journey_habit_creation_screenshot___choosing_how_often_you_would_like_to_perform_the_habit.png,"https://img.perceptpixel.com/jdygueaf/w_1080,f_webp,q_auto:eco/Journey%20Screenshots/Journey_habit_creation_screenshot___choosing_how_often_you_would_like_to_perform_the_habit.png",Transformed,webp,79.20 KB,1080,2150,
Journey_habit_creation_screenshot___main_screen.png,"https://img.perceptpixel.com/jdygueaf/w_1080,f_webp,q_auto:eco/Journey%20Screenshots/Journey_habit_creation_screenshot___main_screen.png",Transformed,webp,90.31 KB,1080,2150,
Journey_habit_creation_screenshot___step_1.png,"https://img.perceptpixel.com/jdygueaf/w_1080,f_webp,q_auto:eco/Journey%20Screenshots/Journey_habit_creation_screenshot___step_1.png",Transformed,webp,76.81 KB,1080,2150,
Journey_habits_check_in_screen.png,"https://img.perceptpixel.com/jdygueaf/w_1080,f_webp,q_auto:eco/Journey%20Screenshots/Journey_habits_check_in_screen.png",Transformed,webp,60.54 KB,1080,2150,
Journey_in_app_notification_screen__screenshot.png,"https://img.perceptpixel.com/jdygueaf/w_1080,f_webp,q_auto:eco/Journey%20Screenshots/Journey_in_app_notification_screen__screenshot.png",Transformed,webp,130.06 KB,1080,2180,
Journey_in_app_notifications_screenshot.png,"https://img.perceptpixel.com/jdygueaf/w_1080,f_webp,q_auto:eco/Journey%20Screenshots/Journey_in_app_notifications_screenshot.png",Transformed,webp,135.72 KB,1080,2150,
Journey_kiteboarding_community_feed__with__Join_Community__button__screenshot.png,https://img.perceptpixel.com/jdygueaf/w_1080/Journey%20Screenshots/Journey_kiteboarding_community_feed__with__Join_Community__button__screenshot.png,Transformed,png,616.84 KB,1080,2180,
Journey_kiteboarding_community_feed.png,https://img.perceptpixel.com/jdygueaf/w_1080/Journey%20Screenshots/Journey_kiteboarding_community_feed.png,Transformed,png,629.08 KB,1080,2180,
Journey_login_screen__screenshot.png,https://img.perceptpixel.com/jdygueaf/w_1080/Journey%20Screenshots/Journey_login_screen__screenshot.png,Transformed,png,239.75 KB,1080,2180,
Journey_music_community_feed__screenshot.png,https://img.perceptpixel.com/jdygueaf/w_1080/Journey%20Screenshots/Journey_music_community_feed__screenshot.png,Transformed,png,603.59 KB,1080,2180,
Journey_music_jam_session_community_feed_screenshot.png,"https://img.perceptpixel.com/jdygueaf/w_1080,f_webp,q_auto:eco/Journey%20Screenshots/Journey_music_jam_session_community_feed_screenshot.png",Transformed,webp,160.77 KB,1080,2150,
Journey_new_community_member_answering_the_introduction_post_questions__not_yet_filled_in__screenshot.png,"https://img.perceptpixel.com/jdygueaf/w_1080,f_webp,q_auto:eco/Journey%20Screenshots/Journey_new_community_member_answering_the_introduction_post_questions__not_yet_filled_in__screenshot.png",Transformed,webp,74.67 KB,1080,2180,
Journey_new_community_member_filling_out_introduction_questions__with_questions_all_answered__screenshot.png,"https://img.perceptpixel.com/jdygueaf/w_1080,f_webp,q_auto:eco/Journey%20Screenshots/Journey_new_community_member_filling_out_introduction_questions__with_questions_all_answered__screenshot.png",Transformed,webp,87.64 KB,1080,2180,
Journey_new_community_member_introduction_post_in_feed__being_welcomed_by_other_members_and_the_creator__screenshot.png,https://img.perceptpixel.com/jdygueaf/w_1080/Journey%20Screenshots/Journey_new_community_member_introduction_post_in_feed__being_welcomed_by_other_members_and_the_creator__screenshot.png,Transformed,png,272.21 KB,1080,2180,
Journey_onboarding_screenshot_of_choosing_relevant_journeys_to_follow_based_on_their_interests.png,"https://img.perceptpixel.com/jdygueaf/w_1080,f_webp,q_auto:eco/Journey%20Screenshots/Journey_onboarding_screenshot_of_choosing_relevant_journeys_to_follow_based_on_their_interests.png",Transformed,webp,123.73 KB,1080,2150,
Journey_profile_pic_screenshot___basketball_example_2.png,"https://img.perceptpixel.com/jdygueaf/w_1080,f_webp,q_auto:eco/Journey%20Screenshots/Journey_profile_pic_screenshot___basketball_example_2.png",Transformed,webp,133.14 KB,1080,2150,
Journey_profile_pic_screenshot___basketball_example.png,"https://img.perceptpixel.com/jdygueaf/w_1080,f_webp,q_auto:eco/Journey%20Screenshots/Journey_profile_pic_screenshot___basketball_example.png",Transformed,webp,153.67 KB,1080,2150,
Journey_profile_pic_screenshot___skater_example.png,"https://img.perceptpixel.com/jdygueaf/w_1080,f_webp,q_auto:eco/Journey%20Screenshots/Journey_profile_pic_screenshot___skater_example.png",Transformed,webp,169.90 KB,1080,2150,
Journey_profile_pic_screenshot___snowboarder_example.png,"https://img.perceptpixel.com/jdygueaf/w_1080,f_webp,q_auto:eco/Journey%20Screenshots/Journey_profile_pic_screenshot___snowboarder_example.png",Transformed,webp,109.05 KB,1080,2150,
Journey_profile_pic_screenshot___surfer_example_2.png,"https://img.perceptpixel.com/jdygueaf/w_1080,f_webp,q_auto:eco/Journey%20Screenshots/Journey_profile_pic_screenshot___surfer_example_2.png",Transformed,webp,144.85 KB,1080,2150,
Journey_profile_pic_screenshot___surfer_example_3.png,"https://img.perceptpixel.com/jdygueaf/w_1080,f_webp,q_auto:eco/Journey%20Screenshots/Journey_profile_pic_screenshot___surfer_example_3.png",Transformed,webp,156.43 KB,1080,2150,
Journey_profile_pic_screenshot___surfer_example.png,"https://img.perceptpixel.com/jdygueaf/w_1080,f_webp,q_auto:eco/Journey%20Screenshots/Journey_profile_pic_screenshot___surfer_example.png",Transformed,webp,135.05 KB,1080,2150,
Journey_profile_setup_screen____username__first_name__last_name__date_of_birth__screenshot.png,"https://img.perceptpixel.com/jdygueaf/w_1080,f_webp,q_auto:eco/Journey%20Screenshots/Journey_profile_setup_screen____username__first_name__last_name__date_of_birth__screenshot.png",Transformed,webp,51.53 KB,1080,2180,
Journey_resources_hub_screenshot.png,"https://img.perceptpixel.com/jdygueaf/w_1080,f_webp,q_auto:eco/Journey%20Screenshots/Journey_resources_hub_screenshot.png",Transformed,webp,135.40 KB,1080,2150,
Journey_rollerskating_community_feed__screenshot.png,https://img.perceptpixel.com/jdygueaf/w_1080/Journey%20Screenshots/Journey_rollerskating_community_feed__screenshot.png,Transformed,png,631.30 KB,1080,2180,
Journey_rollerskating_community_member_choosing_which_communities_to_share_their_post_to__post_with_multiple_images_screenshot.png,"https://img.perceptpixel.com/jdygueaf/w_1080,f_webp,q_auto:eco/Journey%20Screenshots/Journey_rollerskating_community_member_choosing_which_communities_to_share_their_post_to__post_with_multiple_images_screenshot.png",Transformed,webp,118.81 KB,1080,2180,
Journey_rollerskating_community_member_posting_an_image_to_their_community__camera_screen_screenshot.png,https://img.perceptpixel.com/jdygueaf/w_1080/Journey%20Screenshots/Journey_rollerskating_community_member_posting_an_image_to_their_community__camera_screen_screenshot.png,Transformed,png,718.67 KB,1080,2180,
Journey_rollerskating_communtiy_member_previewing_their_post__with_multiple_images_or_videos__before_they_share_it_with_their_community.png,"https://img.perceptpixel.com/jdygueaf/w_1080,f_webp,q_auto:eco/Journey%20Screenshots/Journey_rollerskating_communtiy_member_previewing_their_post__with_multiple_images_or_videos__before_they_share_it_with_their_community.png",Transformed,webp,114.35 KB,1080,2180,
Journey_screenshot_after_capturing_payment_details_of_a_new_paid_membership.png,"https://img.perceptpixel.com/jdygueaf/w_1080,f_webp,q_auto:eco/Journey%20Screenshots/Journey_screenshot_after_capturing_payment_details_of_a_new_paid_membership.png",Transformed,webp,79.88 KB,1080,2150,
Journey_screenshot_of_5_attributes_of_successful_habit_building.png,"https://img.perceptpixel.com/jdygueaf/w_1080,f_webp,q_auto:eco/Journey%20Screenshots/Journey_screenshot_of_5_attributes_of_successful_habit_building.png",Transformed,webp,73.98 KB,1080,2150,
Journey_screenshot_of_a_college_fashion_community_feed.png,"https://img.perceptpixel.com/jdygueaf/w_1080,f_webp,q_auto:eco/Journey%20Screenshots/Journey_screenshot_of_a_college_fashion_community_feed.png",Transformed,webp,159.44 KB,1080,2150,
Journey_screenshot_of_a_community_feed_for_startup_founders.png,"https://img.perceptpixel.com/jdygueaf/w_1080,f_webp,q_auto:eco/Journey%20Screenshots/Journey_screenshot_of_a_community_feed_for_startup_founders.png",Transformed,webp,204.38 KB,1080,2150,
Journey_screenshot_of_a_fashion_community_feed.png,"https://img.perceptpixel.com/jdygueaf/w_1080,f_webp,q_auto:eco/Journey%20Screenshots/Journey_screenshot_of_a_fashion_community_feed.png",Transformed,webp,146.26 KB,1080,2150,
Journey_screenshot_of_a_gardening_community_feed.png,"https://img.perceptpixel.com/jdygueaf/w_1080,f_webp,q_auto:eco/Journey%20Screenshots/Journey_screenshot_of_a_gardening_community_feed.png",Transformed,webp,119.28 KB,1080,2150,
Journey_screenshot_of_a_guide_to_learning_to_play_basketball.png,"https://img.perceptpixel.com/jdygueaf/w_1080,f_webp,q_auto:eco/Journey%20Screenshots/Journey_screenshot_of_a_guide_to_learning_to_play_basketball.png",Transformed,webp,171.76 KB,1080,2150,
Journey_screenshot_of_a_list_view_of_group_chats_within_a_community.png,"https://img.perceptpixel.com/jdygueaf/w_1080,f_webp,q_auto:eco/Journey%20Screenshots/Journey_screenshot_of_a_list_view_of_group_chats_within_a_community.png",Transformed,webp,103.65 KB,1080,2150,
Journey_screenshot_of_a_male_creator_s_community_feed.png,"https://img.perceptpixel.com/jdygueaf/w_1080,f_webp,q_auto:eco/Journey%20Screenshots/Journey_screenshot_of_a_male_creator_s_community_feed.png",Transformed,webp,139.66 KB,1080,2150,
Journey_screenshot_of_a_music_creator_s_community_feed.png,"https://img.perceptpixel.com/jdygueaf/w_1080,f_webp,q_auto:eco/Journey%20Screenshots/Journey_screenshot_of_a_music_creator_s_community_feed.png",Transformed,webp,139.72 KB,1080,2150,
Journey_screenshot_of_a_pet_community_feed.png,"https://img.perceptpixel.com/jdygueaf/w_1080,f_webp,q_auto:eco/Journey%20Screenshots/Journey_screenshot_of_a_pet_community_feed.png",Transformed,webp,136.62 KB,1080,2150,
Journey_screenshot_of_a_resource_in_a_community_with_the_ability_to_go_to_the_original_post.png,"https://img.perceptpixel.com/jdygueaf/w_1080,f_webp,q_auto:eco/Journey%20Screenshots/Journey_screenshot_of_a_resource_in_a_community_with_the_ability_to_go_to_the_original_post.png",Transformed,webp,197.20 KB,1080,2150,
Journey_screenshot_of_a_roller_skating_community_feed.png,"https://img.perceptpixel.com/jdygueaf/w_1080,f_webp,q_auto:eco/Journey%20Screenshots/Journey_screenshot_of_a_roller_skating_community_feed.png",Transformed,webp,134.88 KB,1080,2150,
Journey_screenshot_of_a_skateboarding_community_feed___including_welcome_video_from_the_creator.png,"https://img.perceptpixel.com/jdygueaf/w_1080,f_webp,q_auto:eco/Journey%20Screenshots/Journey_screenshot_of_a_skateboarding_community_feed___including_welcome_video_from_the_creator.png",Transformed,webp,140.41 KB,1080,2150,
Journey_screenshot_of_a_skydiving_community_feed.png,"https://img.perceptpixel.com/jdygueaf/w_1080,f_webp,q_auto:eco/Journey%20Screenshots/Journey_screenshot_of_a_skydiving_community_feed.png",Transformed,webp,115.65 KB,1080,2150,
Journey_screenshot_of_a_travel_community.png,"https://img.perceptpixel.com/jdygueaf/w_1080,f_webp,q_auto:eco/Journey%20Screenshots/Journey_screenshot_of_a_travel_community.png",Transformed,webp,128.32 KB,1080,2150,
Journey_screenshot_of_a_user_choosing_the_privacy_settings_on_their_roller_skating_journey_timeline.png,"https://img.perceptpixel.com/jdygueaf/w_1080,f_webp,q_auto:eco/Journey%20Screenshots/Journey_screenshot_of_a_user_choosing_the_privacy_settings_on_their_roller_skating_journey_timeline.png",Transformed,webp,97.71 KB,1080,2150,
Journey_screenshot_of_a_user_s_roller_skating_journey_timeline_in_thumbnail_view.png,"https://img.perceptpixel.com/jdygueaf/w_1080,f_webp,q_auto:eco/Journey%20Screenshots/Journey_screenshot_of_a_user_s_roller_skating_journey_timeline_in_thumbnail_view.png",Transformed,webp,101.14 KB,1080,2150,
Journey_screenshot_of_a_user_s_skateboarding_journey_timeline_in_large_view.png,"https://img.perceptpixel.com/jdygueaf/w_1080,f_webp,q_auto:eco/Journey%20Screenshots/Journey_screenshot_of_a_user_s_skateboarding_journey_timeline_in_large_view.png",Transformed,webp,125.56 KB,1080,2150,
Journey_screenshot_of_adding_a_new_task_and_adding_a_reminder.png,"https://img.perceptpixel.com/jdygueaf/w_1080,f_webp,q_auto:eco/Journey%20Screenshots/Journey_screenshot_of_adding_a_new_task_and_adding_a_reminder.png",Transformed,webp,78.32 KB,1080,2150,
Journey_screenshot_of_adding_a_new_task_and_selecting_a_due_date.png,"https://img.perceptpixel.com/jdygueaf/w_1080,f_webp,q_auto:eco/Journey%20Screenshots/Journey_screenshot_of_adding_a_new_task_and_selecting_a_due_date.png",Transformed,webp,83.16 KB,1080,2150,
Journey_screenshot_of_adding_a_new_task_and_selecting_the_journey_it_relates_to.png,"https://img.perceptpixel.com/jdygueaf/w_1080,f_webp,q_auto:eco/Journey%20Screenshots/Journey_screenshot_of_adding_a_new_task_and_selecting_the_journey_it_relates_to.png",Transformed,webp,72.71 KB,1080,2150,
Journey_screenshot_of_adding_a_new_task.png,"https://img.perceptpixel.com/jdygueaf/w_1080,f_webp,q_auto:eco/Journey%20Screenshots/Journey_screenshot_of_adding_a_new_task.png",Transformed,webp,73.68 KB,1080,2150,
Journey_screenshot_of_an_embroidery_community_feed_with_creator_s_welcome_post.png,"https://img.perceptpixel.com/jdygueaf/w_1080,f_webp,q_auto:eco/Journey%20Screenshots/Journey_screenshot_of_an_embroidery_community_feed_with_creator_s_welcome_post.png",Transformed,webp,159.81 KB,1080,2150,
Journey_screenshot_of_an_embroidery_community_feed.png,"https://img.perceptpixel.com/jdygueaf/w_1080,f_webp,q_auto:eco/Journey%20Screenshots/Journey_screenshot_of_an_embroidery_community_feed.png",Transformed,webp,181.41 KB,1080,2150,
Journey_screenshot_of_arts___crafts_communities_a_user_is_choosing_between.png,"https://img.perceptpixel.com/jdygueaf/w_1080,f_webp,q_auto:eco/Journey%20Screenshots/Journey_screenshot_of_arts___crafts_communities_a_user_is_choosing_between.png",Transformed,webp,110.41 KB,1080,2150,
Journey_screenshot_of_asking_a_question_within_a_community___step_1.png,"https://img.perceptpixel.com/jdygueaf/w_1080,f_webp,q_auto:eco/Journey%20Screenshots/Journey_screenshot_of_asking_a_question_within_a_community___step_1.png",Transformed,webp,128.66 KB,1080,2150,
Journey_screenshot_of_asking_a_question_within_a_community___step_2.png,"https://img.perceptpixel.com/jdygueaf/w_1080,f_webp,q_auto:eco/Journey%20Screenshots/Journey_screenshot_of_asking_a_question_within_a_community___step_2.png",Transformed,webp,93.49 KB,1080,2150,
Journey_screenshot_of_asking_a_question_within_a_community___step_3___labeling_post_as_a_question.png,"https://img.perceptpixel.com/jdygueaf/w_1080,f_webp,q_auto:eco/Journey%20Screenshots/Journey_screenshot_of_asking_a_question_within_a_community___step_3___labeling_post_as_a_question.png",Transformed,webp,96.95 KB,1080,2150,
Journey_screenshot_of_asking_a_question_within_a_community___step_4___choosing_where_to_share_the_question.png,"https://img.perceptpixel.com/jdygueaf/w_1080,f_webp,q_auto:eco/Journey%20Screenshots/Journey_screenshot_of_asking_a_question_within_a_community___step_4___choosing_where_to_share_the_question.png",Transformed,webp,83.45 KB,1080,2150,
Journey_screenshot_of_asking_a_question_within_a_community___step_5___adding_a_caption.png,"https://img.perceptpixel.com/jdygueaf/w_1080,f_webp,q_auto:eco/Journey%20Screenshots/Journey_screenshot_of_asking_a_question_within_a_community___step_5___adding_a_caption.png",Transformed,webp,101.22 KB,1080,2150,
Journey_screenshot_of_bodybuilding_community_feed.png,"https://img.perceptpixel.com/jdygueaf/w_1080,f_webp,q_auto:eco/Journey%20Screenshots/Journey_screenshot_of_bodybuilding_community_feed.png",Transformed,webp,126.06 KB,1080,2150,
Journey_screenshot_of_breakdancing_community_feed.png,"https://img.perceptpixel.com/jdygueaf/w_1080,f_webp,q_auto:eco/Journey%20Screenshots/Journey_screenshot_of_breakdancing_community_feed.png",Transformed,webp,158.16 KB,1080,2150,
Journey_screenshot_of_college_athletics_community_feed.png,"https://img.perceptpixel.com/jdygueaf/w_1080,f_webp,q_auto:eco/Journey%20Screenshots/Journey_screenshot_of_college_athletics_community_feed.png",Transformed,webp,133.38 KB,1080,2150,
Journey_screenshot_of_college_community_feed___university_of_michigan.png,"https://img.perceptpixel.com/jdygueaf/w_1080,f_webp,q_auto:eco/Journey%20Screenshots/Journey_screenshot_of_college_community_feed___university_of_michigan.png",Transformed,webp,149.82 KB,1080,2150,
Journey_screenshot_of_college_community_feed.png,"https://img.perceptpixel.com/jdygueaf/w_1080,f_webp,q_auto:eco/Journey%20Screenshots/Journey_screenshot_of_college_community_feed.png",Transformed,webp,187.61 KB,1080,2150,
Journey_screenshot_of_college_foodies_community.png,"https://img.perceptpixel.com/jdygueaf/w_1080,f_webp,q_auto:eco/Journey%20Screenshots/Journey_screenshot_of_college_foodies_community.png",Transformed,webp,175.64 KB,1080,2150,
Journey_screenshot_of_community_builder_being_invited_to_enter_bank_details_to_receive_membership_payments.png,"https://img.perceptpixel.com/jdygueaf/w_1080,f_webp,q_auto:eco/Journey%20Screenshots/Journey_screenshot_of_community_builder_being_invited_to_enter_bank_details_to_receive_membership_payments.png",Transformed,webp,109.78 KB,1080,2150,
Journey_screenshot_of_community_builder_choosing_a_name_for_their_AI_sidekick.png,"https://img.perceptpixel.com/jdygueaf/w_1080,f_webp,q_auto:eco/Journey%20Screenshots/Journey_screenshot_of_community_builder_choosing_a_name_for_their_AI_sidekick.png",Transformed,webp,122.45 KB,1080,2150,
Journey_screenshot_of_community_creator_choosing_a_name_for_their_AI_sidekick.png,"https://img.perceptpixel.com/jdygueaf/w_1080,f_webp,q_auto:eco/Journey%20Screenshots/Journey_screenshot_of_community_creator_choosing_a_name_for_their_AI_sidekick.png",Transformed,webp,130.83 KB,1080,2150,
Journey_screenshot_of_community_creator_choosing_a_profile_pic_for_their_sidekick.png,"https://img.perceptpixel.com/jdygueaf/w_1080,f_webp,q_auto:eco/Journey%20Screenshots/Journey_screenshot_of_community_creator_choosing_a_profile_pic_for_their_sidekick.png",Transformed,webp,106.12 KB,1080,2150,
Journey_screenshot_of_community_feed_with_highlighted_posts_at_the_top.png,"https://img.perceptpixel.com/jdygueaf/w_1080,f_webp,q_auto:eco/Journey%20Screenshots/Journey_screenshot_of_community_feed_with_highlighted_posts_at_the_top.png",Transformed,webp,183.90 KB,1080,2150,
Journey_screenshot_of_community_member_list.png,"https://img.perceptpixel.com/jdygueaf/w_1080,f_webp,q_auto:eco/Journey%20Screenshots/Journey_screenshot_of_community_member_list.png",Transformed,webp,106.78 KB,1080,2150,
Journey_screenshot_of_cooking_community_feed.png,"https://img.perceptpixel.com/jdygueaf/w_1080,f_webp,q_auto:eco/Journey%20Screenshots/Journey_screenshot_of_cooking_community_feed.png",Transformed,webp,146.26 KB,1080,2150,
Journey_screenshot_of_creating_a_resource_from_a_message_posted_in_a_group_chat.png,"https://img.perceptpixel.com/jdygueaf/w_1080,f_webp,q_auto:eco/Journey%20Screenshots/Journey_screenshot_of_creating_a_resource_from_a_message_posted_in_a_group_chat.png",Transformed,webp,104.62 KB,1080,2150,
Journey_screenshot_of_creating_a_resource_to_share_with_a_community.png,"https://img.perceptpixel.com/jdygueaf/w_1080,f_webp,q_auto:eco/Journey%20Screenshots/Journey_screenshot_of_creating_a_resource_to_share_with_a_community.png",Transformed,webp,131.22 KB,1080,2150,
Journey_screenshot_of_creating_an_event_and_choosing_tags_and_entering_a_description.png,"https://img.perceptpixel.com/jdygueaf/w_1080,f_webp,q_auto:eco/Journey%20Screenshots/Journey_screenshot_of_creating_an_event_and_choosing_tags_and_entering_a_description.png",Transformed,webp,110.84 KB,1080,2150,
Journey_screenshot_of_creating_an_event_within_a_community.png,"https://img.perceptpixel.com/jdygueaf/w_1080,f_webp,q_auto:eco/Journey%20Screenshots/Journey_screenshot_of_creating_an_event_within_a_community.png",Transformed,webp,75.23 KB,1080,2150,
Journey_screenshot_of_creating_an_event_within_a_DIY_community.png,"https://img.perceptpixel.com/jdygueaf/w_1080,f_webp,q_auto:eco/Journey%20Screenshots/Journey_screenshot_of_creating_an_event_within_a_DIY_community.png",Transformed,webp,133.31 KB,1080,2150,
Journey_screenshot_of_creator_s_skateboarding_community_feed.png,"https://img.perceptpixel.com/jdygueaf/w_1080,f_webp,q_auto:eco/Journey%20Screenshots/Journey_screenshot_of_creator_s_skateboarding_community_feed.png",Transformed,webp,254.84 KB,1080,2150,
Journey_screenshot_of_crypto_community_feed.png,"https://img.perceptpixel.com/jdygueaf/w_1080,f_webp,q_auto:eco/Journey%20Screenshots/Journey_screenshot_of_crypto_community_feed.png",Transformed,webp,151.39 KB,1080,2150,
Journey_screenshot_of_Discover_section___filtered_to_college_communities.png,"https://img.perceptpixel.com/jdygueaf/w_1080,f_webp,q_auto:eco/Journey%20Screenshots/Journey_screenshot_of_Discover_section___filtered_to_college_communities.png",Transformed,webp,162.68 KB,1080,2150,
Journey_screenshot_of_DIY_community_feed.png,"https://img.perceptpixel.com/jdygueaf/w_1080,f_webp,q_auto:eco/Journey%20Screenshots/Journey_screenshot_of_DIY_community_feed.png",Transformed,webp,136.48 KB,1080,2150,
Journey_screenshot_of_embroidery_community_feed.png,"https://img.perceptpixel.com/jdygueaf/w_1080,f_webp,q_auto:eco/Journey%20Screenshots/Journey_screenshot_of_embroidery_community_feed.png",Transformed,webp,172.67 KB,1080,2150,
Journey_screenshot_of_Events_list_view.png,"https://img.perceptpixel.com/jdygueaf/w_1080,f_webp,q_auto:eco/Journey%20Screenshots/Journey_screenshot_of_Events_list_view.png",Transformed,webp,79.65 KB,1080,2150,
Journey_screenshot_of_fashion_community_feed.png,"https://img.perceptpixel.com/jdygueaf/w_1080,f_webp,q_auto:eco/Journey%20Screenshots/Journey_screenshot_of_fashion_community_feed.png",Transformed,webp,126.21 KB,1080,2150,
Journey_screenshot_of_fitness_community_invite_share_sheet.png,"https://img.perceptpixel.com/jdygueaf/w_1080,f_webp,q_auto:eco/Journey%20Screenshots/Journey_screenshot_of_fitness_community_invite_share_sheet.png",Transformed,webp,72.65 KB,1080,2150,
Journey_screenshot_of_fitness_creator_s_community_feed.png,"https://img.perceptpixel.com/jdygueaf/w_1080,f_webp,q_auto:eco/Journey%20Screenshots/Journey_screenshot_of_fitness_creator_s_community_feed.png",Transformed,webp,200.96 KB,1080,2150,
Journey_screenshot_of_gardening_community_feed.png,"https://img.perceptpixel.com/jdygueaf/w_1080,f_webp,q_auto:eco/Journey%20Screenshots/Journey_screenshot_of_gardening_community_feed.png",Transformed,webp,129.15 KB,1080,2150,
Journey_screenshot_of_group_chat_within_a_skateboarding_community.png,"https://img.perceptpixel.com/jdygueaf/w_1080,f_webp,q_auto:eco/Journey%20Screenshots/Journey_screenshot_of_group_chat_within_a_skateboarding_community.png",Transformed,webp,127.55 KB,1080,2150,
Journey_screenshot_of_habit_building_feature_after_checking_into_a_habit.png,"https://img.perceptpixel.com/jdygueaf/w_1080,f_webp,q_auto:eco/Journey%20Screenshots/Journey_screenshot_of_habit_building_feature_after_checking_into_a_habit.png",Transformed,webp,85.39 KB,1080,2150,
Journey_screenshot_of_habit_building_feature.png,"https://img.perceptpixel.com/jdygueaf/w_1080,f_webp,q_auto:eco/Journey%20Screenshots/Journey_screenshot_of_habit_building_feature.png",Transformed,webp,240.06 KB,1080,2150,
Journey_screenshot_of_hiking_community_feed.png,"https://img.perceptpixel.com/jdygueaf/w_1080,f_webp,q_auto:eco/Journey%20Screenshots/Journey_screenshot_of_hiking_community_feed.png",Transformed,webp,167.70 KB,1080,2150,
Journey_screenshot_of_list_view_of_events_within_a_community.png,"https://img.perceptpixel.com/jdygueaf/w_1080,f_webp,q_auto:eco/Journey%20Screenshots/Journey_screenshot_of_list_view_of_events_within_a_community.png",Transformed,webp,93.00 KB,1080,2150,
Journey_screenshot_of_member_asking_a_question_within_a_community_feed.png,"https://img.perceptpixel.com/jdygueaf/w_1080,f_webp,q_auto:eco/Journey%20Screenshots/Journey_screenshot_of_member_asking_a_question_within_a_community_feed.png",Transformed,webp,134.52 KB,1080,2150,
Journey_screenshot_of_menu_options_when_viewing_a_post_in_a_community.png,"https://img.perceptpixel.com/jdygueaf/w_1080,f_webp,q_auto:eco/Journey%20Screenshots/Journey_screenshot_of_menu_options_when_viewing_a_post_in_a_community.png",Transformed,webp,83.65 KB,1080,2150,
Journey_screenshot_of_music_appreciation_community_feed.png,"https://img.perceptpixel.com/jdygueaf/w_1080,f_webp,q_auto:eco/Journey%20Screenshots/Journey_screenshot_of_music_appreciation_community_feed.png",Transformed,webp,128.13 KB,1080,2150,
Journey_screenshot_of_options_for_sharing_your_event_to_communities__group_chats__and_users.png,"https://img.perceptpixel.com/jdygueaf/w_1080,f_webp,q_auto:eco/Journey%20Screenshots/Journey_screenshot_of_options_for_sharing_your_event_to_communities__group_chats__and_users.png",Transformed,webp,114.67 KB,1080,2150,
Journey_screenshot_of_options_menu_on_a_post_within_a_community___follow__save__post_to_resources__hide__report.png,"https://img.perceptpixel.com/jdygueaf/w_1080,f_webp,q_auto:eco/Journey%20Screenshots/Journey_screenshot_of_options_menu_on_a_post_within_a_community___follow__save__post_to_resources__hide__report.png",Transformed,webp,106.04 KB,1080,2150,
Journey_screenshot_of_paid_membership_community_builder_being_invited_to_enter_their_bank_details.png,"https://img.perceptpixel.com/jdygueaf/w_1080,f_webp,q_auto:eco/Journey%20Screenshots/Journey_screenshot_of_paid_membership_community_builder_being_invited_to_enter_their_bank_details.png",Transformed,webp,106.46 KB,1080,2150,
Journey_screenshot_of_parenting_community_invite_qr_code.png,"https://img.perceptpixel.com/jdygueaf/w_1080,f_webp,q_auto:eco/Journey%20Screenshots/Journey_screenshot_of_parenting_community_invite_qr_code.png",Transformed,webp,135.32 KB,1080,2150,
Journey_screenshot_of_parenting_community_invite_share_sheet.png,"https://img.perceptpixel.com/jdygueaf/w_1080,f_webp,q_auto:eco/Journey%20Screenshots/Journey_screenshot_of_parenting_community_invite_share_sheet.png",Transformed,webp,88.70 KB,1080,2150,
Journey_screenshot_of_posting_flow___choosing_which_communities_and_journeys_to_post_a_video_to.png,"https://img.perceptpixel.com/jdygueaf/w_1080,f_webp,q_auto:eco/Journey%20Screenshots/Journey_screenshot_of_posting_flow___choosing_which_communities_and_journeys_to_post_a_video_to.png",Transformed,webp,107.86 KB,1080,2150,
Journey_screenshot_of_resources_within_a_category_in_a_skating_community.png,"https://img.perceptpixel.com/jdygueaf/w_1080,f_webp,q_auto:eco/Journey%20Screenshots/Journey_screenshot_of_resources_within_a_category_in_a_skating_community.png",Transformed,webp,145.57 KB,1080,2150,
Journey_screenshot_of_roller_skating_community_with_highlighted_posts_in_the_feed.png,"https://img.perceptpixel.com/jdygueaf/w_1080,f_webp,q_auto:eco/Journey%20Screenshots/Journey_screenshot_of_roller_skating_community_with_highlighted_posts_in_the_feed.png",Transformed,webp,170.84 KB,1080,2150,
Journey_screenshot_of_running_community_feed.png,"https://img.perceptpixel.com/jdygueaf/w_1080,f_webp,q_auto:eco/Journey%20Screenshots/Journey_screenshot_of_running_community_feed.png",Transformed,webp,133.80 KB,1080,2150,
Journey_screenshot_of_sharing_a_video_to_a_community_and_choosing_a_label_for_the_post.png,"https://img.perceptpixel.com/jdygueaf/w_1080,f_webp,q_auto:eco/Journey%20Screenshots/Journey_screenshot_of_sharing_a_video_to_a_community_and_choosing_a_label_for_the_post.png",Transformed,webp,125.41 KB,1080,2150,
Journey_screenshot_of_sharing_an_event_within_a_group_chat.png,"https://img.perceptpixel.com/jdygueaf/w_1080,f_webp,q_auto:eco/Journey%20Screenshots/Journey_screenshot_of_sharing_an_event_within_a_group_chat.png",Transformed,webp,99.22 KB,1080,2150,
Journey_screenshot_of_sharing_options_for_a_skateboarding_community.png,"https://img.perceptpixel.com/jdygueaf/w_1080,f_webp,q_auto:eco/Journey%20Screenshots/Journey_screenshot_of_sharing_options_for_a_skateboarding_community.png",Transformed,webp,100.76 KB,1080,2150,
Journey_screenshot_of_sharing_QR_code_to_invite_members_to_a_skateboarding_community.png,"https://img.perceptpixel.com/jdygueaf/w_1080,f_webp,q_auto:eco/Journey%20Screenshots/Journey_screenshot_of_sharing_QR_code_to_invite_members_to_a_skateboarding_community.png",Transformed,webp,112.85 KB,1080,2150,
Journey_screenshot_of_skateboarding_community_feed_highlighting_the_latest_resources_posted.png,"https://img.perceptpixel.com/jdygueaf/w_1080,f_webp,q_auto:eco/Journey%20Screenshots/Journey_screenshot_of_skateboarding_community_feed_highlighting_the_latest_resources_posted.png",Transformed,webp,135.71 KB,1080,2150,
Journey_screenshot_of_skiing_community_feed.png,"https://img.perceptpixel.com/jdygueaf/w_1080,f_webp,q_auto:eco/Journey%20Screenshots/Journey_screenshot_of_skiing_community_feed.png",Transformed,webp,182.36 KB,1080,2150,
Journey_screenshot_of_skiing_community.png,"https://img.perceptpixel.com/jdygueaf/w_1080,f_webp,q_auto:eco/Journey%20Screenshots/Journey_screenshot_of_skiing_community.png",Transformed,webp,150.96 KB,1080,2150,
Journey_screenshot_of_snowboarding_community_feed.png,"https://img.perceptpixel.com/jdygueaf/w_1080,f_webp,q_auto:eco/Journey%20Screenshots/Journey_screenshot_of_snowboarding_community_feed.png",Transformed,webp,171.33 KB,1080,2150,
Journey_screenshot_of_startup_community_feed.png,"https://img.perceptpixel.com/jdygueaf/w_1080,f_webp,q_auto:eco/Journey%20Screenshots/Journey_screenshot_of_startup_community_feed.png",Transformed,webp,110.85 KB,1080,2150,
Journey_screenshot_of_task_management_feature_with_calendar_expanded.png,"https://img.perceptpixel.com/jdygueaf/w_1080,f_webp,q_auto:eco/Journey%20Screenshots/Journey_screenshot_of_task_management_feature_with_calendar_expanded.png",Transformed,webp,128.61 KB,1080,2150,
Journey_screenshot_of_task_management_feature.png,"https://img.perceptpixel.com/jdygueaf/w_1080,f_webp,q_auto:eco/Journey%20Screenshots/Journey_screenshot_of_task_management_feature.png",Transformed,webp,177.25 KB,1080,2150,
Journey_screenshot_of_the_Discover_section___where_users_can_find_communities__users__guides__and_journeys_to_follow.png,"https://img.perceptpixel.com/jdygueaf/w_1080,f_webp,q_auto:eco/Journey%20Screenshots/Journey_screenshot_of_the_Discover_section___where_users_can_find_communities__users__guides__and_journeys_to_follow.png",Transformed,webp,112.24 KB,1080,2150,
Journey_screenshot_of_user_answering_questions_to_be_introduced_to_a_skateboarding_community_they_recently_joined.png,"https://img.perceptpixel.com/jdygueaf/w_1080,f_webp,q_auto:eco/Journey%20Screenshots/Journey_screenshot_of_user_answering_questions_to_be_introduced_to_a_skateboarding_community_they_recently_joined.png",Transformed,webp,61.00 KB,1080,2150,
Journey_screenshot_of_user_being_asked_to_create_the_first_event_within_a_community.png,"https://img.perceptpixel.com/jdygueaf/w_1080,f_webp,q_auto:eco/Journey%20Screenshots/Journey_screenshot_of_user_being_asked_to_create_the_first_event_within_a_community.png",Transformed,webp,90.08 KB,1080,2150,
Journey_screenshot_of_user_choosing_between_cycling_communities_to_join.png,"https://img.perceptpixel.com/jdygueaf/w_1080,f_webp,q_auto:eco/Journey%20Screenshots/Journey_screenshot_of_user_choosing_between_cycling_communities_to_join.png",Transformed,webp,144.04 KB,1080,2150,
Journey_screenshot_of_user_choosing_interests_to_help_find_communities_to_join.png,"https://img.perceptpixel.com/jdygueaf/w_1080,f_webp,q_auto:eco/Journey%20Screenshots/Journey_screenshot_of_user_choosing_interests_to_help_find_communities_to_join.png",Transformed,webp,117.09 KB,1080,2150,
Journey_screenshot_of_user_choosing_to_join_communties_based_on_their_interests.png,"https://img.perceptpixel.com/jdygueaf/w_1080,f_webp,q_auto:eco/Journey%20Screenshots/Journey_screenshot_of_user_choosing_to_join_communties_based_on_their_interests.png",Transformed,webp,91.47 KB,1080,2150,
Journey_screenshot_of_user_creating_an_event_within_a_community.png,"https://img.perceptpixel.com/jdygueaf/w_1080,f_webp,q_auto:eco/Journey%20Screenshots/Journey_screenshot_of_user_creating_an_event_within_a_community.png",Transformed,webp,106.82 KB,1080,2150,
Journey_screenshot_of_user_editing_their_profile.png,"https://img.perceptpixel.com/jdygueaf/w_1080,f_webp,q_auto:eco/Journey%20Screenshots/Journey_screenshot_of_user_editing_their_profile.png",Transformed,webp,111.63 KB,1080,2150,
Journey_screenshot_of_user_posting_a_snowboarding_photo_to_a_community.png,"https://img.perceptpixel.com/jdygueaf/w_1080,f_webp,q_auto:eco/Journey%20Screenshots/Journey_screenshot_of_user_posting_a_snowboarding_photo_to_a_community.png",Transformed,webp,234.06 KB,1080,2150,
Journey_screenshot_of_user_previewing_a_community_group_chat_before_joining_it.png,"https://img.perceptpixel.com/jdygueaf/w_1080,f_webp,q_auto:eco/Journey%20Screenshots/Journey_screenshot_of_user_previewing_a_community_group_chat_before_joining_it.png",Transformed,webp,130.04 KB,1080,2150,
Journey_screenshot_of_user_s_account_settings.png,"https://img.perceptpixel.com/jdygueaf/w_1080,f_webp,q_auto:eco/Journey%20Screenshots/Journey_screenshot_of_user_s_account_settings.png",Transformed,webp,62.70 KB,1080,2150,
Journey_screenshot_of_user_s_recent_chats_across_all_communities_and_dms.png,"https://img.perceptpixel.com/jdygueaf/w_1080,f_webp,q_auto:eco/Journey%20Screenshots/Journey_screenshot_of_user_s_recent_chats_across_all_communities_and_dms.png",Transformed,webp,139.19 KB,1080,2150,
Journey_screenshot_of_user_selecting_from_fitness_communities_to_join.png,"https://img.perceptpixel.com/jdygueaf/w_1080,f_webp,q_auto:eco/Journey%20Screenshots/Journey_screenshot_of_user_selecting_from_fitness_communities_to_join.png",Transformed,webp,107.76 KB,1080,2150,
Journey_screenshot_of_user_sharing_an_invite_to_an_event_within_a_group_chat.png,"https://img.perceptpixel.com/jdygueaf/w_1080,f_webp,q_auto:eco/Journey%20Screenshots/Journey_screenshot_of_user_sharing_an_invite_to_an_event_within_a_group_chat.png",Transformed,webp,120.84 KB,1080,2150,
Journey_screenshot_of_video_in_gardening_community_feed.png,"https://img.perceptpixel.com/jdygueaf/w_1080,f_webp,q_auto:eco/Journey%20Screenshots/Journey_screenshot_of_video_in_gardening_community_feed.png",Transformed,webp,156.74 KB,1080,2150,
Journey_screenshot_of_viewing_a_resource_and_the_original_conversation_from_when_it_was_posted.png,"https://img.perceptpixel.com/jdygueaf/w_1080,f_webp,q_auto:eco/Journey%20Screenshots/Journey_screenshot_of_viewing_a_resource_and_the_original_conversation_from_when_it_was_posted.png",Transformed,webp,152.55 KB,1080,2150,
Journey_screenshot_of_viral_giveaway_campaign___choosing_Discount_code.png,"https://img.perceptpixel.com/jdygueaf/w_1080,f_webp,q_auto:eco/Journey%20Screenshots/Journey_screenshot_of_viral_giveaway_campaign___choosing_Discount_code.png",Transformed,webp,84.10 KB,1080,2150,
Journey_screenshot_of_viral_giveaway_campaign___choosing_duration_of_discounted_membership.png,"https://img.perceptpixel.com/jdygueaf/w_1080,f_webp,q_auto:eco/Journey%20Screenshots/Journey_screenshot_of_viral_giveaway_campaign___choosing_duration_of_discounted_membership.png",Transformed,webp,63.92 KB,1080,2150,
Journey_screenshot_of_viral_giveaway_campaign_creation.png,"https://img.perceptpixel.com/jdygueaf/w_1080,f_webp,q_auto:eco/Journey%20Screenshots/Journey_screenshot_of_viral_giveaway_campaign_creation.png",Transformed,webp,130.21 KB,1080,2150,
Journey_screenshot_of_viral_giveaway_campaign_entering_campaign_settings.png,"https://img.perceptpixel.com/jdygueaf/w_1080,f_webp,q_auto:eco/Journey%20Screenshots/Journey_screenshot_of_viral_giveaway_campaign_entering_campaign_settings.png",Transformed,webp,61.42 KB,1080,2150,
Journey_screenshot_of_young_female_creator_s_fan_community_with_welcome_post.png,"https://img.perceptpixel.com/jdygueaf/w_1080,f_webp,q_auto:eco/Journey%20Screenshots/Journey_screenshot_of_young_female_creator_s_fan_community_with_welcome_post.png",Transformed,webp,132.52 KB,1080,2150,
Journey_sign_up_flow____upload_profile_pic__screenshot.png,"https://img.perceptpixel.com/jdygueaf/w_1080,f_webp,q_auto:eco/Journey%20Screenshots/Journey_sign_up_flow____upload_profile_pic__screenshot.png",Transformed,webp,79.09 KB,1080,2180,
Journey_sign_up_flow___screenshot_of_uploading_profile_pic.png,"https://img.perceptpixel.com/jdygueaf/w_1080,f_webp,q_auto:eco/Journey%20Screenshots/Journey_sign_up_flow___screenshot_of_uploading_profile_pic.png",Transformed,webp,74.36 KB,1080,2150,
Journey_skateboarding_community_feed__screenshot.png,https://img.perceptpixel.com/jdygueaf/w_1080/Journey%20Screenshots/Journey_skateboarding_community_feed__screenshot.png,Transformed,png,349.62 KB,1080,2180,
Journey_skateboarding_community_feed_on_web__with_first_page_of_an_introduction_post_that_introduces_a_new_member__screenshot.png,https://img.perceptpixel.com/jdygueaf/w_1080/Journey%20Screenshots/Journey_skateboarding_community_feed_on_web__with_first_page_of_an_introduction_post_that_introduces_a_new_member__screenshot.png,Transformed,png,362.92 KB,1080,2180,
Journey_skateboarding_community_feed_screenshot_with_new_member_introduction_post.png,"https://img.perceptpixel.com/jdygueaf/w_1080,f_webp,q_auto:eco/Journey%20Screenshots/Journey_skateboarding_community_feed_screenshot_with_new_member_introduction_post.png",Transformed,webp,130.44 KB,1080,2150,
Journey_skateboarding_community_member_choosing_a_label_for_their_post_before_they_send_it_to_their_community__screenshot_showing_the_list_of_label_options_for_the_community_.png,"https://img.perceptpixel.com/jdygueaf/w_1080,f_webp,q_auto:eco/Journey%20Screenshots/Journey_skateboarding_community_member_choosing_a_label_for_their_post_before_they_send_it_to_their_community__screenshot_showing_the_list_of_label_options_for_the_community_.png",Transformed,webp,121.45 KB,1080,2180,
Journey_skateboarding_community_member_that_s_added_a_caption_to_their_post_before_they_send_it_to_their_community.png,"https://img.perceptpixel.com/jdygueaf/w_1080,f_webp,q_auto:eco/Journey%20Screenshots/Journey_skateboarding_community_member_that_s_added_a_caption_to_their_post_before_they_send_it_to_their_community.png",Transformed,webp,110.53 KB,1080,2180,
Journey_squash_community_feed_screenshot_with_welcome_post.png,"https://img.perceptpixel.com/jdygueaf/w_1080,f_webp,q_auto:eco/Journey%20Screenshots/Journey_squash_community_feed_screenshot_with_welcome_post.png",Transformed,webp,139.30 KB,1080,2150,
Journey_stripe_payment_details_screenshot_for_capturing_payment_details_of_new_member.png,"https://img.perceptpixel.com/jdygueaf/w_1080,f_webp,q_auto:eco/Journey%20Screenshots/Journey_stripe_payment_details_screenshot_for_capturing_payment_details_of_new_member.png",Transformed,webp,87.49 KB,1080,2150,
Journey_surfing_community_feed_screenshot.png,"https://img.perceptpixel.com/jdygueaf/w_1080,f_webp,q_auto:eco/Journey%20Screenshots/Journey_surfing_community_feed_screenshot.png",Transformed,webp,150.56 KB,1080,2150,
Journey_task_management_screenshot.png,"https://img.perceptpixel.com/jdygueaf/w_1080,f_webp,q_auto:eco/Journey%20Screenshots/Journey_task_management_screenshot.png",Transformed,webp,63.58 KB,1080,2150,
Journey_timeline_privacy_settings__screenshot.png,https://img.perceptpixel.com/jdygueaf/w_1080/Journey%20Screenshots/Journey_timeline_privacy_settings__screenshot.png,Transformed,png,389.82 KB,1080,2180,
Journey_user_onboarding_flow__selecting_interests_and_passions__screenshot.png,https://img.perceptpixel.com/jdygueaf/w_1080/Journey%20Screenshots/Journey_user_onboarding_flow__selecting_interests_and_passions__screenshot.png,Transformed,png,350.35 KB,1080,2180,
Journey_user_posting_a_video_to_their_community__camera_screen_screenshot.png,"https://img.perceptpixel.com/jdygueaf/w_1080,f_webp,q_auto:eco/Journey%20Screenshots/Journey_user_posting_a_video_to_their_community__camera_screen_screenshot.png",Transformed,webp,99.41 KB,1080,2180,
Journey_user_profile_with_another_surfing_header_image__screenshot.png,"https://img.perceptpixel.com/jdygueaf/w_1080,f_webp,q_auto:eco/Journey%20Screenshots/Journey_user_profile_with_another_surfing_header_image__screenshot.png",Transformed,webp,150.51 KB,1080,2180,
Journey_user_profile_with_basketball_header_image__screenshot.png,https://img.perceptpixel.com/jdygueaf/w_1080/Journey%20Screenshots/Journey_user_profile_with_basketball_header_image__screenshot.png,Transformed,png,468.14 KB,1080,2180,
Journey_user_profile_with_rollerskating_header_image__screenshot.png,"https://img.perceptpixel.com/jdygueaf/w_1080,f_webp,q_auto:eco/Journey%20Screenshots/Journey_user_profile_with_rollerskating_header_image__screenshot.png",Transformed,webp,94.86 KB,1080,2180,
Journey_user_profile_with_skateboarding_header_image__screenshot.png,"https://img.perceptpixel.com/jdygueaf/w_1080,f_webp,q_auto:eco/Journey%20Screenshots/Journey_user_profile_with_skateboarding_header_image__screenshot.png",Transformed,webp,187.46 KB,1080,2180,
Journey_user_profile_with_snowboarding_header_image__screenshot.png,https://img.perceptpixel.com/jdygueaf/w_1080/Journey%20Screenshots/Journey_user_profile_with_snowboarding_header_image__screenshot.png,Transformed,png,426.02 KB,1080,2180,
Journey_user_profile_with_surfing_header_image__screenshot.png,https://img.perceptpixel.com/jdygueaf/w_1080/Journey%20Screenshots/Journey_user_profile_with_surfing_header_image__screenshot.png,Transformed,png,465.32 KB,1080,2180,
Journey_vegan_community_feed_screenshot.png,"https://img.perceptpixel.com/jdygueaf/w_1080,f_webp,q_auto:eco/Journey%20Screenshots/Journey_vegan_community_feed_screenshot.png",Transformed,webp,180.95 KB,1080,2150,
Screenshot_of_paywall_when_joining_a_Journey_paid_membership_community_with_free_7_day_trial.png,"https://img.perceptpixel.com/jdygueaf/w_1080,f_webp,q_auto:eco/Journey%20Screenshots/Screenshot_of_paywall_when_joining_a_Journey_paid_membership_community_with_free_7_day_trial.png",Transformed,webp,98.36 KB,1080,2150,
Screenshot_of_posting_a_video_to_a_roller_skating_community.png,"https://img.perceptpixel.com/jdygueaf/w_1080,f_webp,q_auto:eco/Journey%20Screenshots/Screenshot_of_posting_a_video_to_a_roller_skating_community.png",Transformed,webp,118.76 KB,1080,2150,
Screenshot_of_sharing_a_video_to_a_skateboarding_community.png,"https://img.perceptpixel.com/jdygueaf/w_1080,f_webp,q_auto:eco/Journey%20Screenshots/Screenshot_of_sharing_a_video_to_a_skateboarding_community.png",Transformed,webp,113.69 KB,1080,2150,